﻿<?xml version="1.0"?>
<doc>
<assembly>
<name>
LiveBid.Utils
</name>
</assembly>
<members>
<member name="T:LiveBid.Utils.ConfigSettings.AppConfig">
 <summary>
 Stores strongly typed settings used for the application
 </summary>
 <remarks></remarks>
</member>
<member name="M:LiveBid.Utils.ConfigSettings.AppConfig.getConfig">
 <summary>
 Initialises and gets AppConfig SiteSettings
 </summary>
 <returns></returns>
 <remarks></remarks>
</member>
<member name="P:LiveBid.Utils.ConfigSettings.AppConfig.Connection">
 <summary>
 Settings
 </summary>
 <value></value>
 <returns></returns>
 <remarks></remarks>
</member>
<member name="P:LiveBid.Utils.ConfigSettings.AppConfig.Log">
 <summary>
 Settings
 </summary>
 <value></value>
 <returns></returns>
 <remarks></remarks>
</member>
<member name="T:LiveBid.Utils.My.Resources.Resources">
<summary>
  A strongly-typed resource class, for looking up localized strings, etc.
</summary>
</member>
<member name="P:LiveBid.Utils.My.Resources.Resources.ResourceManager">
<summary>
  Returns the cached ResourceManager instance used by this class.
</summary>
</member>
<member name="P:LiveBid.Utils.My.Resources.Resources.Culture">
<summary>
  Overrides the current thread's CurrentUICulture property for all
  resource lookups using this strongly typed resource class.
</summary>
</member>
<member name="F:LiveBid.Utils.State.Biscuits.__UID">
 <summary>
 User ID
 </summary>
 <remarks></remarks>
</member>
<member name="F:LiveBid.Utils.State.Biscuits.__SUID">
 <summary>
 Session User ID
 </summary>
 <remarks></remarks>
</member>
<member name="F:LiveBid.Utils.State.Biscuits.__UCID">
 <summary>
 User Connection ID
 </summary>
 <remarks></remarks>
</member>
<member name="F:LiveBid.Utils.State.Biscuits.__USID">
 <summary>
 User Site ID
 </summary>
 <remarks></remarks>
</member>
<member name="F:LiveBid.Utils.State.Biscuits.__CLI">
 <summary>
 Client Login Info
 </summary>
 <remarks></remarks>
</member>
<member name="F:LiveBid.Utils.State.Biscuits.__CULTURE">
 <summary>
 Global Culture
 </summary>
 <remarks></remarks>
</member>
<member name="F:LiveBid.Utils.State.Biscuits.__WASSUPER">
 <summary>
 Was SuperUser prior to selecting buyer or vendor app
 </summary>
 <remarks></remarks>
</member>
<member name="F:LiveBid.Utils.State.Biscuits.__RN">
 <summary>
 Default sale
 </summary>
 <remarks></remarks>
</member>
<member name="F:LiveBid.Utils.State.Sessions.__CLI">
 <summary>
 Client Login Info
 </summary>
 <remarks></remarks>
</member>
<member name="F:LiveBid.Utils.State.Sessions.__WASSUPER">
 <summary>
 Used to flag if a user is a super user when picking which app they want to view
 </summary>
 <remarks></remarks>
</member>
</members>
</doc>
