﻿<?xml version="1.0"?>
<doc>
<assembly>
<name>
LiveBid.Models
</name>
</assembly>
<members>
<member name="P:LiveBid.Models.ClientBidData.CBC">
 <summary>
 Client Action Code
 </summary>
 <value></value>
 <returns></returns>
 <remarks></remarks>
</member>
<member name="P:LiveBid.Models.ClientBidData.CID">
 <summary>
 Client ID
 </summary>
 <value></value>
 <returns></returns>
 <remarks></remarks>
</member>
<member name="P:LiveBid.Models.ClientBidData.SCID">
 <summary>
 Client ID for Site
 </summary>
 <value></value>
 <returns></returns>
 <remarks></remarks>
</member>
<member name="P:LiveBid.Models.ClientBidData.CN">
 <summary>
 Client Name
 </summary>
 <value></value>
 <returns></returns>
 <remarks></remarks>
</member>
<member name="P:LiveBid.Models.ClientBidData.CCO">
 <summary>
 Client Company
 </summary>
 <value></value>
 <returns></returns>
 <remarks></remarks>
</member>
<member name="P:LiveBid.Models.ClientBidData.AN">
 <summary>
 Auction Number
 </summary>
 <value></value>
 <returns></returns>
 <remarks></remarks>
</member>
<member name="P:LiveBid.Models.ClientBidData.Lot">
 <summary>
 Lot
 </summary>
 <value></value>
 <returns></returns>
 <remarks></remarks>
</member>
<member name="P:LiveBid.Models.ClientBidData.BV">
 <summary>
 Bid Value
 </summary>
 <value></value>
 <returns></returns>
 <remarks></remarks>
</member>
<member name="P:LiveBid.Models.ClientBidData.BN">
 <summary>
 Buyer Number
 </summary>
 <value></value>
 <returns></returns>
 <remarks></remarks>
</member>
<member name="P:LiveBid.Models.ClientBidData.SI">
 <summary>
 Site ID
 </summary>
 <value></value>
 <returns></returns>
 <remarks></remarks>
</member>
<member name="P:LiveBid.Models.ClientBidData.CL">
 <summary>
 Credit Limit
 </summary>
 <value></value>
 <returns></returns>
 <remarks></remarks>
</member>
<member name="P:LiveBid.Models.ClientBidData.MG">
 <summary>
 Message
 </summary>
 <value></value>
 <returns></returns>
 <remarks></remarks>
</member>
<member name="P:LiveBid.Models.ClientBidData.CAT">
 <summary>
 Account Number
 </summary>
 <value></value>
 <returns></returns>
 <remarks></remarks>
</member>
<member name="P:LiveBid.Models.ClientBidData.CTY">
 <summary>
 Client Country
 </summary>
 <value></value>
 <returns></returns>
 <remarks></remarks>
</member>
<member name="P:LiveBid.Models.ClientBidData.PB">
 <summary>
 Proxy Bid
 </summary>
 <value></value>
 <returns></returns>
 <remarks></remarks>
</member>
<member name="P:LiveBid.Models.ClientBidData.ATP">
 <summary>
 Account Type
 </summary>
 <value></value>
 <returns></returns>
 <remarks></remarks>
</member>
<member name="P:LiveBid.Models.ClientBidData.CR">
 <summary>
 Client Region 0 = UK, 1 = EU
 </summary>
 <value></value>
 <returns></returns>
 <remarks></remarks>
</member>
<member name="P:LiveBid.Models.ClientLoginInfo.CID">
 <summary>
 Client ID
 </summary>
 <value></value>
 <returns></returns>
 <remarks></remarks>
</member>
<member name="P:LiveBid.Models.ClientLoginInfo.CN">
 <summary>
 Client Name
 </summary>
 <value></value>
 <returns></returns>
 <remarks></remarks>
</member>
<member name="P:LiveBid.Models.ClientLoginInfo.CP">
 <summary>
 Client Password
 </summary>
 <value></value>
 <returns></returns>
 <remarks></remarks>
</member>
<member name="P:LiveBid.Models.ClientLoginInfo.SI">
 <summary>
 Site ID
 </summary>
 <value></value>
 <returns></returns>
 <remarks></remarks>
</member>
<member name="P:LiveBid.Models.ClientLoginInfo.CSI">
 <summary>
 Original: Client Site ID - New: RefNum (Auction Sale Number)
 </summary>
 <value></value>
 <returns></returns>
 <remarks></remarks>
</member>
<member name="P:LiveBid.Models.ClientLoginInfo.CCO">
 <summary>
 Client Company
 </summary>
 <value></value>
 <returns></returns>
 <remarks></remarks>
</member>
<member name="P:LiveBid.Models.ClientLoginInfo.CAT">
 <summary>
 Client Account Number
 </summary>
 <value></value>
 <returns></returns>
 <remarks></remarks>
</member>
<member name="P:LiveBid.Models.ClientLoginInfo.CBN">
 <summary>
 Client Buyer Number
 </summary>
 <value></value>
 <returns></returns>
 <remarks></remarks>
</member>
<member name="P:LiveBid.Models.ClientLoginInfo.CTY">
 <summary>
 Client Country
 </summary>
 <value></value>
 <returns></returns>
 <remarks></remarks>
</member>
<member name="P:LiveBid.Models.ClientLoginInfo.ATP">
 <summary>
 Account Type, can be B = Buyer, M = Vendor, S = Superuser, L = looker
 </summary>
 <value></value>
 <returns></returns>
 <remarks></remarks>
</member>
<member name="P:LiveBid.Models.ClientLoginInfo.AL">
 <summary>
 Access List
 </summary>
 <value></value>
 <returns></returns>
 <remarks></remarks>
</member>
<member name="P:LiveBid.Models.ClientLoginInfo.CR">
 <summary>
 Client Region 0 = UK, 1 = EU
 </summary>
 <value></value>
 <returns></returns>
 <remarks></remarks>
</member>
<member name="P:LiveBid.Models.ClientLoginInfo.CUL">
 <summary>
 Client Selected Culture
 </summary>
 <value></value>
 <returns></returns>
 <remarks></remarks>
</member>
<member name="T:LiveBid.Models.ConfigSettings.AppConfig">
 <summary>
 Stores strongly typed settings used for the application
 </summary>
 <remarks></remarks>
</member>
<member name="M:LiveBid.Models.ConfigSettings.AppConfig.getConfig">
 <summary>
 Initialises and gets AppConfig SiteSettings
 </summary>
 <returns></returns>
 <remarks></remarks>
</member>
<member name="P:LiveBid.Models.ConfigSettings.AppConfig.Connection">
 <summary>
 Settings
 </summary>
 <value></value>
 <returns></returns>
 <remarks></remarks>
</member>
<member name="P:LiveBid.Models.ConfigSettings.AppConfig.Images">
 <summary>
 Settings
 </summary>
 <value></value>
 <returns></returns>
 <remarks></remarks>
</member>
<member name="P:LiveBid.Models.ControllerLotData.CU">
 <summary>
 Culture Info
 </summary>
 <value></value>
 <returns></returns>
 <remarks></remarks>
</member>
<member name="P:LiveBid.Models.ControllerLotData.CAC">
 <summary>
 Client Code
 </summary>
 <value></value>
 <returns></returns>
 <remarks></remarks>
</member>
<member name="P:LiveBid.Models.ControllerLotData.SI">
 <summary>
 Site ID
 </summary>
 <value></value>
 <returns></returns>
 <remarks></remarks>
</member>
<member name="P:LiveBid.Models.ControllerLotData.CID">
 <summary>
 Client ID
 </summary>
 <value></value>
 <returns></returns>
 <remarks></remarks>
</member>
<member name="P:LiveBid.Models.ControllerLotData.SCID">
 <summary>
 Client ID for Site
 </summary>
 <value></value>
 <returns></returns>
 <remarks></remarks>
</member>
<member name="P:LiveBid.Models.ControllerLotData.CN">
 <summary>
 Client Name
 </summary>
 <value></value>
 <returns></returns>
 <remarks></remarks>
</member>
<member name="P:LiveBid.Models.ControllerLotData.CAL">
 <summary>
 Client All
 </summary>
 <value></value>
 <returns></returns>
 <remarks></remarks>
</member>
<member name="P:LiveBid.Models.ControllerLotData.CM">
 <summary>
 Client Message
 </summary>
 <value></value>
 <returns></returns>
 <remarks></remarks>
</member>
<member name="P:LiveBid.Models.ControllerLotData.BN">
 <summary>
 Client Buyer Number
 </summary>
 <value></value>
 <returns></returns>
 <remarks></remarks>
</member>
<member name="P:LiveBid.Models.ControllerLotData.CCO">
 <summary>
 Client Company
 </summary>
 <value></value>
 <returns></returns>
 <remarks></remarks>
</member>
<member name="P:LiveBid.Models.ControllerLotData.CAT">
 <summary>
 Client Account
 </summary>
 <value></value>
 <returns></returns>
 <remarks></remarks>
</member>
<member name="P:LiveBid.Models.ControllerLotData.CTY">
 <summary>
 Client Country
 </summary>
 <value></value>
 <returns></returns>
 <remarks></remarks>
</member>
<member name="P:LiveBid.Models.ControllerLotData.CTR">
 <summary>
 Client Region 0 = UK, 1 = EU
 </summary>
 <value></value>
 <returns></returns>
 <remarks></remarks>
</member>
<member name="P:LiveBid.Models.ControllerLotData.CAP">
 <summary>
 Current Asking Price
 </summary>
 <value></value>
 <returns></returns>
 <remarks></remarks>
</member>
<member name="P:LiveBid.Models.ControllerLotData.CBV">
 <summary>
 Current Bid Value
 </summary>
 <value></value>
 <returns></returns>
 <remarks></remarks>
</member>
<member name="P:LiveBid.Models.ControllerLotData.BI">
 <summary>
 Bid Increment
 </summary>
 <value></value>
 <returns></returns>
 <remarks></remarks>
</member>
<member name="P:LiveBid.Models.ControllerLotData.AN">
 <summary>
 Auction Number
 </summary>
 <value></value>
 <returns></returns>
 <remarks></remarks>
</member>
<member name="P:LiveBid.Models.ControllerLotData.ANM">
 <summary>
 Auction Name
 </summary>
 <value></value>
 <returns></returns>
 <remarks></remarks>
</member>
<member name="P:LiveBid.Models.ControllerLotData.ADTD">
 <summary>
 Auciton Date Time Details
 </summary>
 <value></value>
 <returns></returns>
 <remarks></remarks>
</member>
<member name="P:LiveBid.Models.ControllerLotData.AT">
 <summary>
 Auction Type
 </summary>
 <value></value>
 <returns></returns>
 <remarks></remarks>
</member>
<member name="P:LiveBid.Models.ControllerLotData.ACL">
 <summary>
 Auction Credit Limits
 </summary>
 <value></value>
 <returns></returns>
 <remarks></remarks>
</member>
<member name="P:LiveBid.Models.ControllerLotData.WO">
 <summary>
 Work Order
 </summary>
 <value></value>
 <returns></returns>
 <remarks></remarks>
</member>
<member name="P:LiveBid.Models.ControllerLotData.Lot">
 <summary>
 Lot
 </summary>
 <value></value>
 <returns></returns>
 <remarks></remarks>
</member>
<member name="P:LiveBid.Models.ControllerLotData.RN">
 <summary>
 Reg Number
 </summary>
 <value></value>
 <returns></returns>
 <remarks></remarks>
</member>
<member name="P:LiveBid.Models.ControllerLotData.MK">
 <summary>
 Make
 </summary>
 <value></value>
 <returns></returns>
 <remarks></remarks>
</member>
<member name="P:LiveBid.Models.ControllerLotData.MD">
 <summary>
 Model
 </summary>
 <value></value>
 <returns></returns>
 <remarks></remarks>
</member>
<member name="P:LiveBid.Models.ControllerLotData.DE">
 <summary>
 Derivative
 </summary>
 <value></value>
 <returns></returns>
 <remarks></remarks>
</member>
<member name="P:LiveBid.Models.ControllerLotData.ML">
 <summary>
 Mileage
 </summary>
 <value></value>
 <returns></returns>
 <remarks></remarks>
</member>
<member name="P:LiveBid.Models.ControllerLotData.TM">
 <summary>
 Transmission
 </summary>
 <value></value>
 <returns></returns>
 <remarks></remarks>
</member>
<member name="P:LiveBid.Models.ControllerLotData.CL">
 <summary>
 Exterior Colour
 </summary>
 <value></value>
 <returns></returns>
 <remarks></remarks>
</member>
<member name="P:LiveBid.Models.ControllerLotData.IC">
 <summary>
 Interior Colour
 </summary>
 <value></value>
 <returns></returns>
 <remarks></remarks>
</member>
<member name="P:LiveBid.Models.ControllerLotData.FL">
 <summary>
 Fuel Type
 </summary>
 <value></value>
 <returns></returns>
 <remarks></remarks>
</member>
<member name="P:LiveBid.Models.ControllerLotData.FR">
 <summary>
 First Reg
 </summary>
 <value></value>
 <returns></returns>
 <remarks></remarks>
</member>
<member name="P:LiveBid.Models.ControllerLotData.VS">
 <summary>
 Vat Status
 </summary>
 <value></value>
 <returns></returns>
 <remarks></remarks>
</member>
<member name="P:LiveBid.Models.ControllerLotData.FK">
 <summary>
 Former Keepers
 </summary>
 <value></value>
 <returns></returns>
 <remarks></remarks>
</member>
<member name="P:LiveBid.Models.ControllerLotData.MOT">
 <summary>
 MOT
 </summary>
 <value></value>
 <returns></returns>
 <remarks></remarks>
</member>
<member name="P:LiveBid.Models.ControllerLotData.SH">
 <summary>
 Service History
 </summary>
 <value></value>
 <returns></returns>
 <remarks></remarks>
</member>
<member name="P:LiveBid.Models.ControllerLotData.CR">
 <summary>
 Cap Retail Price
 </summary>
 <value></value>
 <returns></returns>
 <remarks></remarks>
</member>
<member name="P:LiveBid.Models.ControllerLotData.CC">
 <summary>
 Cap Clean
 </summary>
 <value></value>
 <returns></returns>
 <remarks></remarks>
</member>
<member name="P:LiveBid.Models.ControllerLotData.CA">
 <summary>
 Cap Averace
 </summary>
 <value></value>
 <returns></returns>
 <remarks></remarks>
</member>
<member name="P:LiveBid.Models.ControllerLotData.CB">
 <summary>
 Cap Below
 </summary>
 <value></value>
 <returns></returns>
 <remarks></remarks>
</member>
<member name="P:LiveBid.Models.ControllerLotData.GG">
 <summary>
 Glass Guide
 </summary>
 <value></value>
 <returns></returns>
 <remarks></remarks>
</member>
<member name="P:LiveBid.Models.ControllerLotData.AI">
 <summary>
 Additional Info
 </summary>
 <value></value>
 <returns></returns>
 <remarks></remarks>
</member>
<member name="P:LiveBid.Models.ControllerLotData.VG">
 <summary>
 Vehicle Grade
 </summary>
 <value></value>
 <returns></returns>
 <remarks></remarks>
</member>
<member name="P:LiveBid.Models.ControllerLotData.VC">
 <summary>
 Vendor Code
 </summary>
 <value></value>
 <returns></returns>
 <remarks></remarks>
</member>
<member name="P:LiveBid.Models.ControllerLotData.VN">
 <summary>
 Vendor Name
 </summary>
 <value></value>
 <returns></returns>
 <remarks></remarks>
</member>
<member name="P:LiveBid.Models.ControllerLotData.MW">
 <summary>
 Mileage Warranty
 </summary>
 <value></value>
 <returns></returns>
 <remarks></remarks>
</member>
<member name="P:LiveBid.Models.ControllerLotData.LB">
 <summary>
 V5 Location
 </summary>
 <value></value>
 <returns></returns>
 <remarks></remarks>
</member>
<member name="P:LiveBid.Models.ControllerLotData.BT">
 <summary>
 Body Type
 </summary>
 <value></value>
 <returns></returns>
 <remarks></remarks>
</member>
<member name="P:LiveBid.Models.ControllerLotData.TA">
 <summary>
 Taxed To
 </summary>
 <value></value>
 <returns></returns>
 <remarks></remarks>
</member>
<member name="P:LiveBid.Models.ControllerLotData.GN">
 <summary>
 Gennum
 </summary>
 <value></value>
 <returns></returns>
 <remarks></remarks>
</member>
<member name="P:LiveBid.Models.ControllerLotData.DV">
 <summary>
 Damage Value
 </summary>
 <value></value>
 <returns></returns>
 <remarks></remarks>
</member>
<member name="P:LiveBid.Models.ControllerLotData.RV">
 <summary>
 Reserve Value
 </summary>
 <value></value>
 <returns></returns>
 <remarks></remarks>
</member>
<member name="P:LiveBid.Models.ControllerLotData.CIDB">
 <summary>
 Client ID Bid Specific
 </summary>
 <value></value>
 <returns></returns>
 <remarks></remarks>
</member>
<member name="P:LiveBid.Models.ControllerLotData.CIDBM">
 <summary>
 Client Msg Bid Specific
 </summary>
 <value></value>
 <returns></returns>
 <remarks></remarks>
</member>
<member name="P:LiveBid.Models.ControllerLotData.CIDBMCAC">
 <summary>
 Client Code Bid Specific
 </summary>
 <value></value>
 <returns></returns>
 <remarks></remarks>
</member>
<member name="P:LiveBid.Models.ControllerLotData.CIDBMRAW">
 <summary>
 Client Raw
 </summary>
 <value></value>
 <returns></returns>
 <remarks></remarks>
</member>
<member name="P:LiveBid.Models.ControllerLotData.CIDBMRAWD">
 <summary>
 Client Raw Data
 </summary>
 <value></value>
 <returns></returns>
 <remarks></remarks>
</member>
<member name="P:LiveBid.Models.ControllerLotData.TL">
 <summary>
 Total Loss
 </summary>
 <value></value>
 <returns></returns>
 <remarks></remarks>
</member>
<member name="P:LiveBid.Models.ControllerLotData.TX">
 <summary>
 
 </summary>
 <value></value>
 <returns></returns>
 <remarks></remarks>
</member>
<member name="P:LiveBid.Models.ControllerLotData.IM">
 <summary>
 Import
 </summary>
 <value></value>
 <returns></returns>
 <remarks></remarks>
</member>
<member name="P:LiveBid.Models.ControllerLotData.RM">
 <summary>
 Remarks
 </summary>
 <value></value>
 <returns></returns>
 <remarks></remarks>
</member>
<member name="P:LiveBid.Models.ControllerLotData.AP">
 <summary>
 Approved
 </summary>
 <value></value>
 <returns></returns>
 <remarks></remarks>
</member>
<member name="P:LiveBid.Models.ControllerLotData.DM">
 <summary>
 Year Manugactured
 </summary>
 <value></value>
 <returns></returns>
 <remarks></remarks>
</member>
<member name="P:LiveBid.Models.ControllerLotData.GC">
 <summary>
 
 </summary>
 <value></value>
 <returns></returns>
 <remarks></remarks>
</member>
<member name="P:LiveBid.Models.ControllerLotData.NS">
 <summary>
 Auctioneer Notes
 </summary>
 <value></value>
 <returns></returns>
 <remarks></remarks>
</member>
<member name="P:LiveBid.Models.ControllerLotData.NOS">
 <summary>
 Now on Sale
 </summary>
 <value></value>
 <returns></returns>
 <remarks></remarks>
</member>
<member name="P:LiveBid.Models.ControllerLotData.WR">
 <summary>
 Mech Warranty
 </summary>
 <value></value>
 <returns></returns>
 <remarks></remarks>
</member>
<member name="P:LiveBid.Models.ControllerLotData.LS">
 <summary>
 Light Status
 </summary>
 <value></value>
 <returns></returns>
 <remarks></remarks>
</member>
<member name="P:LiveBid.Models.ControllerLotData.ANR">
 <summary>
 Auctioneers
 </summary>
 <value></value>
 <returns></returns>
 <remarks></remarks>
</member>
<member name="P:LiveBid.Models.ControllerLotData.AD">
 <summary>
 Assured
 </summary>
 <value></value>
 <returns></returns>
 <remarks></remarks>
</member>
<member name="P:LiveBid.Models.ControllerLotData.ANMT">
 <summary>
 Announcement
 </summary>
 <value></value>
 <returns></returns>
 <remarks></remarks>
</member>
<member name="P:LiveBid.Models.ControllerLotData.LN">
 <summary>
 Lot Notification
 </summary>
 <value></value>
 <returns></returns>
 <remarks></remarks>
</member>
<member name="P:LiveBid.Models.ControllerLotData.RU">
 <summary>
 Runner
 </summary>
 <value></value>
 <returns></returns>
 <remarks></remarks>
</member>
<member name="P:LiveBid.Models.ControllerLotData.SC">
 <summary>
 Number of Services
 </summary>
 <value></value>
 <returns></returns>
 <remarks></remarks>
</member>
<member name="P:LiveBid.Models.ControllerLotData.LD">
 <summary>
 Last Service Date
 </summary>
 <value></value>
 <returns></returns>
 <remarks></remarks>
</member>
<member name="P:LiveBid.Models.ControllerLotData.LO">
 <summary>
 Last Service Odometer
 </summary>
 <value></value>
 <returns></returns>
 <remarks></remarks>
</member>
<member name="P:LiveBid.Models.ControllerLotData.PB">
 <summary>
 Is Proxy Bid
 </summary>
 <value></value>
 <returns></returns>
 <remarks></remarks>
</member>
<member name="P:LiveBid.Models.ControllerLotData.VI">
 <summary>
 VIN
 </summary>
 <value></value>
 <returns></returns>
 <remarks></remarks>
</member>
<member name="P:LiveBid.Models.ControllerLotData.LC">
 <summary>
 Location
 </summary>
 <value></value>
 <returns></returns>
 <remarks></remarks>
</member>
<member name="P:LiveBid.Models.ControllerLotData.GD">
 <summary>
 Raw Message Data
 </summary>
 <value></value>
 <returns></returns>
 <remarks></remarks>
</member>
<member name="P:LiveBid.Models.ControllerLotData.RAW">
 <summary>
 Raw Message
 </summary>
 <value></value>
 <returns></returns>
 <remarks></remarks>
</member>
<member name="T:LiveBid.Models.DataAccess.DALBase">
 <summary>
 SQL COMMANDS
 </summary>
 <remarks></remarks>
</member>
<member name="M:LiveBid.Models.Live_LoginAuditService.Login(System.String,System.String,System.String,System.Boolean,System.String)">
 <summary>
 Login user and return Buyer Number
 </summary>
 <param name="user"></param>
 <returns></returns>
 <remarks></remarks>
</member>
<member name="T:LiveBid.Models.Live_PB">
 <summary>
 LiveBid.Models.Live_PD Local usage for Provy Bids
 </summary>
 <remarks></remarks>
</member>
<member name="T:LiveBid.Models.My.Resources.Resources">
<summary>
  A strongly-typed resource class, for looking up localized strings, etc.
</summary>
</member>
<member name="P:LiveBid.Models.My.Resources.Resources.ResourceManager">
<summary>
  Returns the cached ResourceManager instance used by this class.
</summary>
</member>
<member name="P:LiveBid.Models.My.Resources.Resources.Culture">
<summary>
  Overrides the current thread's CurrentUICulture property for all
  resource lookups using this strongly typed resource class.
</summary>
</member>
<member name="P:LiveBid.Models.ServerResponseData.SC">
 <summary>
 Server Code
 </summary>
 <value></value>
 <returns></returns>
 <remarks></remarks>
</member>
<member name="P:LiveBid.Models.ServerResponseData.SM">
 <summary>
 Server Message
 </summary>
 <value></value>
 <returns></returns>
 <remarks></remarks>
</member>
<member name="P:LiveBid.Models.ServerResponseData.CID">
 <summary>
 Client ID OR List of Client IDs comma separated
 </summary>
 <value></value>
 <returns></returns>
 <remarks></remarks>
</member>
<member name="P:LiveBid.Models.ServerResponseData.TC">
 <summary>
 Total number of clients
 </summary>
 <value></value>
 <returns></returns>
 <remarks></remarks>
</member>
<member name="P:LiveBid.Models.ServerResponseData.CN">
 <summary>
 Client Name
 </summary>
 <value></value>
 <returns></returns>
 <remarks></remarks>
</member>
<member name="P:LiveBid.Models.ServerResponseData.SI">
 <summary>
 Site ID
 </summary>
 <value></value>
 <returns></returns>
 <remarks></remarks>
</member>
<member name="P:LiveBid.Models.ServerResponseData.CSI">
 <summary>
 Client Site Id
 </summary>
 <value></value>
 <returns></returns>
 <remarks></remarks>
</member>
<member name="P:LiveBid.Models.ServerResponseData.CCO">
 <summary>
 Client Company
 </summary>
 <value></value>
 <returns></returns>
 <remarks></remarks>
</member>
<member name="P:LiveBid.Models.ServerResponseData.CAT">
 <summary>
 Client Account
 </summary>
 <value></value>
 <returns></returns>
 <remarks></remarks>
</member>
<member name="P:LiveBid.Models.ServerResponseData.CT">
 <summary>
 Client COuntry
 </summary>
 <value></value>
 <returns></returns>
 <remarks></remarks>
</member>
<member name="P:LiveBid.Models.ServerResponseData.BN">
 <summary>
 Client BuyerNum
 </summary>
 <value></value>
 <returns></returns>
 <remarks></remarks>
</member>
<member name="P:LiveBid.Models.ServerResponseData.ATP">
 <summary>
 Account Type
 </summary>
 <value></value>
 <returns></returns>
 <remarks></remarks>
</member>
<member name="P:LiveBid.Models.ServerResponseData.AL">
 <summary>
 Access List
 </summary>
 <value></value>
 <returns></returns>
 <remarks></remarks>
</member>
<member name="P:LiveBid.Models.ServerResponseData.CR">
 <summary>
 Client Region 0 = UK, 1 = EU
 </summary>
 <value></value>
 <returns></returns>
 <remarks></remarks>
</member>
</members>
</doc>
